Arturo,Hughes,Vermont,Taourirt
Edythe,Escalante,Merchant,Valday
Krishnah,Sichardt,Mcguire,Bagumbayan
Cindra,Laxen,Grover,Novorozhdestvenskaya
Deonne,Dealey,Bultman,Yunchi
Kimball,Eglise,Forest Dale,Santo Estêvão
Dennie,Eberle,Pleasure,Wuxia
Inigo,Reddish,Truax,Liudu
Billy,Kerins,Macpherson,Anda
Anatol,Fishleigh,Eggendart,Rila
Phaedra,Marcq,Pond,Abade de Neiva
Cordey,Renfield,Iowa,Arcangel
Francene,Crauford,Ramsey,Canhestros
Clair,Pickless,Hayes,Đưc Trọng
Malinde,Duchateau,Washington,Yanas
Arty,Luard,Spaight,Dubinino
Keelia,Fairbairn,Rieder,Vale da Bajouca
Yard,Artis,Bluestem,Bailuquan
Burg,Tape,Stone Corner,Kanal
Hyacinth,Vennart,Northport,Liqiao
Norris,Bembrigg,School,Hamburg
Rosa,Carlett,Blue Bill Park,Sumberbening
Yehudi,Loveless,Talmadge,San Cristóbal
Suzie,Sanzio,Karstens,Itaperuçu
Templeton,Baldacchino,Jenna,Liji
Mathias,Jorez,Center,San Sebastián
Jacky,Endacott,Center,Mayrtup
Genvieve,Kibbe,Forster,Concepción
Margaretha,Vevers,Monterey,Saint-Quentin-Fallavier
Giana,Zanetello,Comanche,Kez
Joann,Heatley,Bashford,Nevel’
Fax,Sisley,Alpine,Aldeia do Bispo
Gil,Lingfoot,Monument,Agadez
Tamar,Fisher,Fairview,Tangzha
Sol,Whotton,Maple,Leigu
Carver,Juzek,Bultman,Shangma
Salomon,Paylor,Northfield,Tarxien
Lucas,Gravener,Mockingbird,Bankeryd
Howard,Mongain,Artisan,Mekarsari
Huey,Pharro,Sutteridge,Dakingari
Karrah,Hollebon,Prentice,Shadrinsk
Tiler,Howood,Bonner,Boussé
Yuma,Mullally,Ridgeview,Perpignan
Stacey,Wrankmore,Schurz,Yunxian Chengguanzhen
Tyne,Tenniswood,Moose,Carvalheira
Sherill,Deuss,Pine View,Dasol
Addy,Gisburn,Eliot,Sumurasin
Nonah,Holdin,Glendale,Velyki Kopany
Alec,Moscrop,Delaware,Xiaoyi
Linell,Sprowle,Clarendon,Sendung
Estele,Tacey,Rutledge,Potrero Grande
Robbyn,Lawleff,Crownhardt,Sydney
Sinclare,Frear,1st,Glempang Tengah
Fanny,Fairbourne,Arrowood,Kusheriki
Sosanna,Falco,Maywood,La Montañita
Loleta,Kingshott,Mosinee,Várzea
Zonnya,Piddletown,Fairview,Sakule
Barbette,Wilds,Norway Maple,Kupang
Gordie,Zimmerman,Roxbury,Vygonichi
Ivy,Strongitharm,Nancy,Tønsberg
Mallory,Oxberry,Del Sol,Ikedachō
Erina,McAneny,Orin,Tsagaanders
Selinda,Hannabuss,Judy,Castlebellingham
Leonidas,Jobbing,Northport,Tidaholm
Stanly,Bascomb,Summerview,Kushovë
Ab,Sharrard,Sommers,Santa Luzia
Hadlee,Geertje,Menomonie,Xiapu
Florie,Yerson,Hallows,Bergen op Zoom
Pooh,Blastock,Canary,‘Anjarah
Aluin,Wharin,Anzinger,Gaocun
Jaclin,Fielding,Basil,Kemiri Daya
Ashley,Teather,Hansons,Soriano
Bonnie,McCallister,Mandrake,Piggs Peak
Dennison,Munby,Victoria,Veghel
Adriana,Agutter,Mendota,Deventer
Fransisco,Timblett,Nova,Helixi
Murry,Durkin,Ilene,Évry
Crosby,Marshal,Aberg,Łopuszna
Gigi,Medler,Fairfield,Chenghe
Yvette,Farmar,Algoma,Sukasari
Osbourne,Manach,Jana,Igrim
Jan,De Ath,Lake View,Ořechov
Pedro,Crockford,Elmside,Massy
Jeana,MacDougal,Ludington,Pandan Niog
Fields,De Mars,8th,Mingcheng
Rudy,Tavernor,Rusk,Kaulon
Puff,Ubsdell,Trailsway,Iranduba
Gillian,Conville,Amoth,Ban Bang Kadi Pathum Thani
Marcille,Bricknall,Meadow Ridge,Paojan
Margaret,Haward,Bunker Hill,Tarangnan
Jeffy,Davinet,Lukken,Veltruby
Shoshana,Duberry,Haas,Guanaja
Hedvige,Mumbey,Harbort,Saronída
Sherwin,Dudliston,Mendota,Batumi
Lisette,Eckly,Golden Leaf,Shchukino
Diandra,Barnhill,Rowland,Basing
Lyell,Billing,Esker,Ambar
Lucina,Trazzi,Crowley,Omurtag
Bebe,Tomaszewski,Ryan,Cimuncang
Gasper,Kloisner,Glendale,Panacan
Livy,Duffyn,Eastwood,Dongping
Joelle,Pollock,Redwing,Ledenice
Cathrine,Levi,Orin,Laolong
Maisie,Wiggall,Southridge,Sujiatun
Latrina,Ferrierio,Northview,Dagup
Niki,Brenstuhl,Becker,Vermil
Patric,Padginton,Blue Bill Park,Troitsk
Lorraine,Shafier,Kropf,Hakui
Dody,Berkelay,Mayfield,Salamanca
Marcie,Gley,Burrows,Wielka Wieś
Lonna,Ovitz,Lotheville,Sinazongwe
Shermie,Gaddes,Carpenter,Kranjska Gora
Faina,Sharpling,Pleasure,Qiaozi
Drusi,Milward,Thierer,Fedorovka
Rozanne,O'Kinedy,Hoard,Chaiyaphum
Ginny,Gasparro,Merchant,Tanumshede
Marigold,Soonhouse,Rockefeller,Dayton
Melisande,Gormley,Chinook,Mocho
Rudd,McSkin,Dovetail,Oropós
Mariann,Bowshire,Dunning,Fatumuti
Gratia,Dysart,Hansons,Itako
Maurise,Grizard,Graedel,Arroio do Meio
Claudelle,Abilowitz,Paget,Fier
Margi,Hakonsen,Pawling,Niutian
Lishe,Howes,Meadow Vale,Imatra
Beauregard,Riseborough,4th,Dongdai
Sayer,Gerler,Sycamore,Galesong
Jewel,Robelow,David,Buket Teukuh
Kippy,L'argent,Clove,Itajuípe
Christiane,Carlo,Fremont,Schaan
Donnamarie,Claremont,Browning,Nunhala
Georgy,Mugford,Comanche,Cungkal
Vincents,Bertot,Cottonwood,Evansville
Bambi,Tiller,Randy,San Rafael
Pandora,Palfery,Corry,Tønsberg
Torie,Philippart,High Crossing,Gunungsubang
Beck,Kitchenside,Crescent Oaks,Yanjiang
Anderea,Piper,Prentice,Zoumaling
Sylvia,Graine,Iowa,Mariestad
Chryste,Gyppes,Luster,Chichibu
Ardenia,Nestle,Twin Pines,Paso de Carrasco
Chick,Deverson,Old Gate,Tha Mai
Ajay,Punch,Westend,Shemonaīkha
Wyatt,Dorracott,Graedel,Sa'dah
Ursola,Skinn,Everett,Boroko
Brigitte,Bruyntjes,Randy,Kopashnovo
Welch,Cardenoza,Ludington,Brusyanka
Horace,Paolicchi,Starling,Az Zabadānī
Milicent,Hardison,Dryden,Lumsden
Mic,Rosita,Superior,Storozhnytsya
Codie,Coatsworth,Maple,Pasirpengarayan
Abel,Incogna,Lakeland,Sakhipur
Lev,Adriaens,6th,Cabucgayan
Dania,Simonutti,Heath,Pushkino
Vivianna,Gerardi,Sundown,Żabno
Nicko,Bottrill,Crest Line,Topol’noye
Max,Matic,Loomis,Mamara
Diannne,McQuilliam,Maryland,Hidalgo
Domenico,Deely,Rieder,Shenshan
Sasha,Kiezler,Dahle,Kunów
Gregor,Cale,Stephen,Boynton Beach
Gary,Couvet,Mockingbird,Shangzhuang
Giuditta,Krolak,Springs,Jianggang
Lisetta,Nilges,2nd,Atikokan
Renelle,Benwell,Claremont,Hopetown
Filberte,Mulqueeny,Springs,Semënovskoye
Lilyan,Bewsey,Stone Corner,Komysh-Zorya
Gigi,Kovnot,Roxbury,San Mateo
Wilden,Staddom,Arrowood,Kabanga
Sharai,Yushkov,Browning,Entre Rios
Emiline,Belson,Lakewood,Tarqūmyā
Aigneis,Dobson,Tony,Vidnoye
Saunderson,Culpan,Moose,Fulu
Zachery,Cordsen,Bluestem,Pardelhas
Adriaens,Hawkswell,Village,Yukhnov
Gerhardt,Jenicke,Melrose,Leśna Podlaska
Octavius,Bartos,Kings,Zhongxi
Lizbeth,Biaggioni,Crest Line,Quxi
Joanie,Glowacki,Golf Course,Zhu’ao
Mile,McCue,Pennsylvania,Inya
Dianne,Kornousek,Dexter,Heshang
Penn,Fernyhough,Maple,Reston
Elysee,Haccleton,Starling,Banjar Delodrurung
Megen,Coton,Golf,Wudangshan
Ramona,Calladine,Farmco,Sampungu
Albertina,Carlucci,Jenna,Phú Thái
Gui,Papez,Paget,Russkaya Polyana
Ozzy,Tuffey,Anhalt,Liangzeng
Shay,Veazey,Lotheville,Ganquan
Maxie,McGilbon,Orin,Arma
Madelina,Mongeot,Mifflin,Zhendong
Aland,Key,Elmside,Qinghaihu
Robinett,Braunes,Mesta,Huatajata
Timothee,Davidovicz,Delaware,Vistino
Milicent,Monkley,Bartillon,Mikumi
Garry,Cullerne,Coolidge,Sindangsari
Joseph,Ladd,Kings,Banepa
Celka,Simcox,Karstens,Smečno
Arley,Bratcher,Goodland,Espumoso
Noni,Bulch,Esch,Apostolove
Joaquin,Gabbott,Mayer,Oeri’u
Abbe,Hounsome,Union,Donggaocun
Trixie,Van Oort,Sunfield,Tamontaka
Tricia,Merrgan,Tennyson,Świecie nad Osą
Linnie,Andrysiak,Merchant,Shilong
Pavlov,Pratty,Annamark,Simbal
Clemente,Glander,Judy,Maracanaú
Cassey,Whittick,Kim,Baume-les-Dames
Cassius,Derl,Eastlawn,Furudate
Stephine,Rosberg,5th,Husów
Calida,MacNeice,Vera,Przeworsk
Nan,Elcocks,2nd,Chapultepec
Menard,Brunel,Green Ridge,Youkaichi
Brianna,Minet,Knutson,Leuwayang
Calida,Dysart,Shoshone,Dorupare
Adan,Barbosa,Melody,Unawatuna
Sisely,Guy,Chinook,Austin
Hernando,Maplethorp,Coleman,Gelsenkirchen
Gwenette,Wadman,Grayhawk,Manuel Cavazos Lerma
Sarajane,Emmott,Schurz,Pasco
Beau,Deetlof,Golf View,Sirghāyā
Yovonnda,Lockhart,Chinook,Shlissel’burg
Bebe,Tyrwhitt,Fremont,Stanišić
Darelle,Andrelli,Pennsylvania,Cradock
Araldo,Schuricke,Heath,Valença
Zackariah,Weddeburn - Scrimgeour,Meadow Valley,Niushou
Keslie,Scaplehorn,Montana,Listvyanskiy
Batsheva,BURWIN,Colorado,Tuapse
Alan,Spain-Gower,Oakridge,Zacatecoluca
Cobby,Coomer,Quincy,Negeriagung
Dalston,Kreber,Cardinal,Kungsör
Davidde,Hyman,Columbus,Montemor-o-Velho
Teirtza,Brennand,Maple,Gushan
Duff,Rosenvasser,Duke,Ban Tak
Maddy,Scourge,Fieldstone,Rozwadza
Marten,Clemenzo,Merrick,Waepana
Alysa,Molyneux,Lawn,Bandhagen
Joeann,Pickthorne,Havey,Vouani
Ann,Flageul,Heath,Storozhevaya
Abran,Tunmore,Fairfield,Kota Kinabalu
Kelcie,Holsall,Fieldstone,Kaeng Khro
Tristan,Negal,Esch,Candelaria
Sinclare,Eicke,Troy,Gotputuk
Germayne,Boucher,Artisan,Sosnovyy Bor
Misti,Ghidini,Dennis,Göteborg
Karry,MacDunleavy,Eagle Crest,Yezhu
Harman,Klosterman,Fairview,Tuba
Nikolas,Heephy,Chive,Tuusula
Darn,Dutch,Spaight,Shitong
Tani,Helliker,Golf View,Kamo
Clayborn,Janacek,5th,Lidzbark
Ag,Eaglestone,Lighthouse Bay,Jingzhou
Gates,Piesing,Stephen,Paradela
Darrick,Brecher,Rieder,Chapecó
Anastasie,Muckeen,Laurel,Yelizavetinskaya
Nanny,Berthon,Brown,Lelystad
Lindi,Braysher,Riverside,Ciilat
Shirline,Ricciardiello,Green Ridge,Shiogama
Toiboid,MacFadzan,Stuart,Jambulang
Conny,Howard - Gater,Spaight,Jabat
Korie,Loeber,Montana,Valinhos
Elise,Fitzsimmons,Forest Dale,Rawa Mazowiecka
Cross,Caskie,Prairie Rose,Jhang Sadr
Abbott,Kilgour,Fuller,Huayuan
Corny,Nowlan,Helena,Skołyszyn
Mirabella,Stables,Elmside,San Benito
Petrina,Bullin,Mayfield,Shima
Penni,Wodeland,Magdeline,Penambangan
Wandis,Tims,Kinsman,Khirdalan
Allistir,Sisson,Steensland,Piippola
Eldridge,Maudson,Golden Leaf,Loa Janan
Dominik,Hebner,Loomis,Xianxiang
Aldric,Eloy,Eliot,Anabar
Cherye,Hammerstone,Muir,Polkowice
Dave,MacCracken,Derek,Stockholm
Dacey,Dare,Kensington,Ciseureuheun
Allistir,Edgcumbe,Schmedeman,Gaoqiao
Cull,Maypes,Lawn,Harrisburg
Everett,McMenamy,Pepper Wood,Surup
Aurelea,Empringham,Pankratz,Bački Petrovac
Becka,Cliffe,Jay,Sbo’o
Nessy,Tabord,Lakeland,Quảng Ngãi
Cinnamon,Landman,Express,Niushou
Erskine,Hafford,Chinook,Strasbourg
Linnea,Ceely,Hayes,Randuagung
Karoline,Anetts,Armistice,Xishiqiao
Nate,Wines,Havey,Diourbel
Max,Yaxley,Green Ridge,Kowala
Linoel,Charlin,Wayridge,Lianran
Lilith,Kelsell,Utah,Changchi
Ivor,Fadian,Forest Run,Lalupon
Rosaleen,Battell,Elka,Mgachi
Trixi,Pidon,Montana,Leon
Frank,Locock,Forest Run,Pará de Minas
Solly,Nuzzi,Thierer,Strömsnäsbruk
Judy,Osment,Fallview,Yungay
West,Middlebrook,Elmside,Qiongshan
Mattheus,Beard,Meadow Ridge,Karangsari
Pearline,Fibbitts,Forest Dale,Bukhovo
Alleen,Reuter,Roxbury,Goseong
Willa,Dopson,Hoard,Saraburi
Temp,Trulocke,Annamark,Yurla
Crawford,Yell,Armistice,Sindangsari
Vern,Danilyak,Corben,Mañazo
Kendra,Dallimore,Fulton,Nixi
Rowland,Kibel,Arkansas,Sanlifan
Corie,McShane,Kenwood,Cicapar
Lanie,Shipman,Ronald Regan,Banjarsari
Piotr,Pedel,Kropf,Rates
Jaymie,Barfford,Old Shore,Briteiros Santa Leocádia
Alysia,Frizzell,Waxwing,Spétses
Nahum,Blaker,Warbler,Laimuda
Garret,Khan,Waubesa,Horní Štěpánov
Karlan,Klawi,Little Fleur,Bislig
Sonnie,Deegin,Cardinal,Acacías
Celine,Careless,Lotheville,Lingshan
Helga,Nathan,Gina,Tegalrejo
Kaitlin,Lethley,Riverside,Twardawa
Alexia,Marzelli,Continental,Xishaping
Lemar,Mockett,Melvin,Huafeng
Walsh,Ortmann,Mifflin,Annau
Spencer,Creech,Barby,Strömsund
Valencia,Sigg,Larry,Yazykovo
Sascha,Redolfi,Aberg,Staromyshastovskaya
Rob,Sturney,Messerschmidt,Łękawica
Leicester,Ovill,Arizona,Bulihan
Claudia,Leathe,Miller,Hövsan
Melany,Larter,Browning,Estaca
Monro,Follett,Basil,Ilhabela
Karilynn,Morcomb,Iowa,Huadi
Orly,MacAllan,Browning,Ban Kruat
Cristin,Daunter,Fallview,Rubizhne
Dinah,Kearford,Anniversary,Biwer
Therine,Hatt,Fulton,Ust’-Omchug
Waite,McGawn,Prentice,Leon
Anni,Kembley,Duke,Tân Việt
Byrom,Bramwich,Heffernan,Guaraciaba do Norte
Sherlocke,Anmore,Moulton,Chitré
Joey,Schistl,Loftsgordon,Želiv
Fran,Haskur,Division,Ţawr al Bāḩah
Lucilia,Chomiszewski,Heath,Łobodno
Sallyanne,Beteriss,Esker,Xincun
Malissia,Brummitt,Badeau,Tuqiao
Mendie,Gueste,Northwestern,Nempel
Estrella,Ivashkov,Corscot,El Triunfo
Rowena,Ryles,Manley,Moussoro
Tova,Hempshall,Lighthouse Bay,Landi Kotal
Dusty,Stachini,Anhalt,Longhuashan
Lilias,Wicken,Sommers,Nazrēt
Pooh,Grattan,Muir,Methóni
Andee,Giacomello,Basil,Guay
Kailey,Lathom,Trailsway,Suren
Lonnie,Solloway,Eggendart,Quanjiang
Benn,Chawkley,Basil,Brisbane
Valentijn,Lehrle,Washington,Sungsang
Shoshanna,Gogerty,Hanover,Tamanar
Emmi,Klousner,Sloan,Ramos
Natalina,Jobbings,Jackson,Detroit
Garnette,Heskey,2nd,Wielichowo
Harlie,Denkin,Twin Pines,Złoty Stok
Dodi,Boylin,Hayes,Daru Rilwan
Kittie,Kelshaw,Stang,Gaofeng
Dominique,Pindred,Green,Orvault
Carmel,Baynham,Transport,Kuching
Laverna,Mortlock,Surrey,Alabug
Saundra,Boumphrey,Arapahoe,Labo
Justino,Vynehall,Marcy,Ursynów
Rickie,Fagan,Harper,Palca
Anabal,Simoni,Shoshone,Korkino
Janenna,Esseby,Pierstorff,Mekarsari
Vail,Fairfoull,Corscot,Novyy Svit
Hilde,Coom,Old Gate,Dasht-e Lati
Meryl,Kall,Hoffman,Ytterby
Tremayne,Sully,Valley Edge,Guangyuan
Piper,Crepel,Shasta,Tranca
Jessey,Scargle,Fairview,Traiguén
Darwin,Darridon,Crescent Oaks,Ol Kalou
Tate,Oxtiby,Comanche,Shuangta
Amalea,Lovering,Thierer,Enhtal
Engelbert,Laven,Buell,Wenceslao Escalante
Giacobo,Viall,Gerald,Jutaí
Fleurette,McGeown,Waxwing,Otukpa
Shana,Hawkswood,Kedzie,Zaragoza
Al,Spyby,Maple,Korniyivka
Dillie,Aguirre,Fremont,San Luis
Shelba,Abdy,Spenser,Mascote
Lalo,Richemond,Kensington,Las Varas
Tally,Guiden,Rieder,Xincun
Klemens,Borrie,Del Sol,Huadian
Fair,Filippozzi,Sherman,Wyśmierzyce
Darryl,Ketch,Pond,Salogon
Thomasa,Holdforth,Onsgard,Xiangying
Janot,Duinbleton,Dahle,Sudzha
Stephie,Frunks,Melrose,Doujia
Vallie,Saladin,Fisk,Vidzy
Geordie,Mancer,East,Bacacay
Gerianna,Blanket,Spaight,Staraya Toropa
Hillery,Baldock,Loomis,Mishkino
Rhett,Kembrey,Debra,Sigay
Guenna,Howden,Eastwood,Trnovska Vas
August,Clissett,Bellgrove,Konsoy
Annaliese,Maccree,Rigney,Lishu
Lyda,Jepperson,Fair Oaks,Lanling
Dino,Kingshott,Merry,Dhromolaxia
Laryssa,Kemball,Evergreen,Xinjiezi
Hedvig,Guiet,Northport,Pasanggrahan
Sarene,Colbron,Ridge Oak,Cibitung
Earvin,Silbert,Barnett,Rendian
Codi,Stockley,Green Ridge,Santa Rosa de Aguán
Wiatt,Puig,Dapin,Lincheng
Neilla,Wrangle,Elka,Kallinge
Dunc,Howerd,Westridge,Xiakouyi
Susana,Borgars,Lien,Buje
Goddard,Sabbins,Sachs,Malakal
Dix,Seery,Buell,Nesebar
Dionis,Guiot,Mendota,Rio Grande da Serra
Price,Clinch,Clyde Gallagher,Jobabo
Goran,Chadbourne,Harper,Benisheikh
Angeli,Petri,Clyde Gallagher,Murów
Egan,Dixsee,Mandrake,Xianqiao
Harper,Schirach,Killdeer,Gushan
Kial,Oldmeadow,Darwin,Aparecida
Vickie,Weekes,Fordem,Daohe
Allyson,Diperaus,Anzinger,Huangzhuang
Skell,Cottham,Messerschmidt,Thị Trấn Na Hang
Myrta,Barzen,Bellgrove,Lirang
Tobiah,Wethered,Bartelt,Waihi
Carita,Croley,Sachs,Belo sur Tsiribihina
Marrilee,Martino,Westport,Dunlewy
Tim,Bardill,Victoria,Bocana de Paiwas
Otes,Furneaux,Kinsman,Västerås
Brigitta,Andreone,Manitowish,Foumban
Angie,Wisden,Petterle,Doudleby nad Orlicí
Minda,Bourdel,Badeau,Sillamäe
Ally,Sandle,Dayton,Karangampel
Marshall,Haxell,Straubel,Springfield
Sena,Goodbur,Hooker,Богданци
Jillayne,Alcott,Farragut,Haczów
Rolland,Lambdean,Lerdahl,Kotingnatagete
Melissa,Bussons,Clyde Gallagher,Pasarbaru
Lamar,Bryden,Hovde,Lopez Jaena
Mathilde,Cowpertwait,Thompson,Tylicz
Simeon,Bagenal,Dryden,Batu
Liliane,Sampey,Parkside,Claveria
Delphinia,Antyshev,Golden Leaf,Polje
Di,Cometson,Utah,Wang Saphung
Reina,Hantusch,Lyons,Gumuk Tengah
Bettine,Larratt,Glacier Hill,Liangnong
Gavra,Maun,Killdeer,Ylöjärvi
Krystalle,Patman,Schmedeman,Kuala Lumpur
Farrell,Drohane,Moland,Bisée
Carroll,Brumen,Russell,Kemang
Tod,Dannehl,Dakota,Jastrzębia
Patience,Attew,Waywood,Sobral
Emlynne,Chaperling,Monterey,Saint-Maurice-l'Exil
Orlando,Ragdale,Manley,Jatimulyo
Neda,Facchini,Carey,Molchanovo
Orv,Weyman,Arrowood,Piggs Peak
Lolita,Sperrett,Sutteridge,Dondar Quşçu
Megen,Northwood,Muir,Hehu
Arnie,Hedlestone,Express,Frederiksberg
Theadora,Spilisy,Haas,Tenja
Berti,Leppington,Brown,Buena Esperanza
Thaxter,McGlaughn,Anniversary,Kabar Utara
Keenan,Dwane,Fair Oaks,Antigonish
Normy,Fallawe,Burning Wood,Torre de Moncorvo
Jaclin,Matevushev,Schiller,Dubreuil
Livvyy,Penticoot,Stephen,Stockholm
Moore,Bradnocke,Merchant,Gualeguaychú
Clarisse,Tomankiewicz,Morning,Lapas
Fay,Crinkley,Chive,Zhuangke
Aili,Sperrett,3rd,Martigues
Cam,McLennan,Banding,Kořenov
Goldie,Hankey,Meadow Vale,Rendeng
Gwyneth,Candy,Transport,Biris Daja
Noni,Chatfield,Pepper Wood,Dalubian
Alister,Conen,6th,Urho
Greer,Colrein,Becker,Sibucao
Denver,Capstack,Debs,Goiás
Ramonda,Van Arsdale,Veith,Kotingnatagete
Vinnie,Dimsdale,Cascade,Foxton
Andrey,Jaulme,Granby,Zengtian
Marin,Tamblingson,Waxwing,Zhongxing
Rutherford,Holhouse,Aberg,Noebesa
Chicky,Rubel,Havey,Nagykanizsa
Lillian,Cato,Hollow Ridge,‘Abs
Deidre,Ebanks,Riverside,Korczyna
Clemens,Morritt,Golf,Chełmiec
Annmarie,Jouannot,Continental,Baicaogou
Jerrie,Luce,Elmside,Jarabacoa
Gard,Tunsley,Harper,Châteauroux
Mora,Fothergill,Morningstar,Hamilton
Atlante,Swatman,Dexter,Kapiri Mposhi
Briant,Harrow,Stoughton,Canaman
Rodina,Mansel,Old Gate,Fujishiro
Maury,Magne,Merchant,Bandar-e Torkaman
Antonie,Lago,Petterle,L'Aigle
Elvin,Karpychev,Hermina,Vila Franca de Xira
Gasper,Pearsey,Hanover,Vaggeryd
Sonnie,Pretorius,Heffernan,Arvika
Raffaello,Cunnell,Maywood,Beauvais
Erinn,Schmidt,Dennis,Urzhar
Mohandis,MacGaughey,Fallview,Mutengene
Forster,Conachie,Tennessee,Changgou
Laurianne,Whartonby,Melby,Samoljica
Rona,Keese,Cardinal,Jinjiahe
Kaylyn,Illsley,Fuller,Kadugadung
Larry,Coppock.,Mandrake,Pingya
Whit,Rulten,Eagle Crest,Xiancun
Zelma,Ivakhin,Petterle,Tall Salḩab
Wynnie,Nattriss,Leroy,Mambusao
Bruce,Spradbrow,David,Waitun
Loleta,Seston,Warner,Marfino
Grayce,Marshman,Namekagon,Pangnirtung
Liuka,Lawey,Sachs,Rio de Janeiro
Franny,Rudland,Mccormick,Ntungamo
Nettie,Scare,Arkansas,Salta
Chickie,Grogono,Shoshone,Ishige
Petey,Klageman,Shelley,Issad
Sukey,Lennon,Division,Las Palmas
Rodney,MacCurley,Lakewood Gardens,Chok Chai
Nickie,Cortez,Kensington,Mizhuang
Leticia,Lethbrig,Bluejay,Amherstburg
Caitlin,Burgoin,Hooker,Reitoca
Garey,Wollers,Northport,Buliwao
Pooh,McDugal,Hallows,Shikhany
Tyler,Marmon,Butterfield,Srednebelaya
Jaymee,Blasio,South,Sanlicheng
Broddy,Younger,Stoughton,Yongjiahe
Lana,Reims,Utah,Jiedu
Nora,Almack,Roxbury,Trondheim
Zelma,Georgiades,Eagan,Göteborg
Aretha,Pien,Clarendon,Hedong
Neely,Vereker,Barnett,Karnobat
Lurette,Danielczyk,Mcbride,Peuhaq
Harriette,Pahl,Gulseth,Cikai
Andrea,Trowell,Becker,Sofádes
Leola,Dingsdale,8th,Itigi
Bella,Forker,Express,Lyon
Lebbie,Mandifield,Dapin,Jiangzhou
Orelee,Laraway,Sachs,Tenjolaya
Verine,Cook,Hooker,Ōzu
Desiri,Holbarrow,Cascade,Horní Bečva
Clemmy,McAree,Bartillon,Caçapava
Junie,Groarty,Hansons,Cijangkar
Kalvin,Tallet,Menomonie,Humniska
Jana,Sperling,Union,Valence
Melinda,Druett,Heffernan,Gangkou
Pooh,Wegner,Hollow Ridge,Blimbing
Ferguson,Kielty,Milwaukee,Quezon
Fredelia,Bliben,Graedel,Capim Grosso
Misty,Oboy,Mayer,Jayapura
Bil,Dalla,Blue Bill Park,Yanjiang
Dee,Lindsay,Chive,Suruhwadang
Minni,Crockford,Jenifer,Tādif
Milicent,Pressey,Sugar,Pýrgos
Giulia,Zanicchi,Monterey,Mirandela
Ty,Crews,Victoria,Wasquehal
Ezmeralda,Veitch,Heffernan,Belén de Umbría
Dalia,Shilling,North,Sandaowan
Lauri,Scarre,Maple Wood,Kopayhorod
Gavan,Zanetello,Karstens,Itbayat
Olenolin,Springett,Mayer,Täby
Berrie,Parry,Stang,Strängnäs
Annalise,Louden,Farwell,Błaszki
Una,Bulmer,Jay,Campo Largo
Persis,Hinstock,Sauthoff,Jiru
Westbrook,Watmough,Canary,Yege
Nancee,Goalby,Maryland,Sikasso
Zena,MacCourt,Harper,Sibucao
Tiffanie,Gaggen,Basil,Bryansk
Lind,Episcopi,Nevada,Tīkāpur
Leisha,Menauteau,Northview,Campo Grande
Gay,Castelot,Lerdahl,Daja Lorong
Adel,Goodbody,Luster,Simões Filho
Hamnet,Hallihane,Summer Ridge,Paris 02
Traver,Harcarse,Forster,Riyadh
Kristo,Moxham,Shasta,Hanau
Lucius,Coker,Vidon,Herrán
Ives,Melluish,Veith,Buganda
Hersch,Egentan,Morrow,Dubrovka
Esme,Cargenven,Brickson Park,Bianxiong
Lura,Duckhouse,Packers,Fenghuangshan
Ricardo,Kleinsmuntz,Oxford,Nantes
Ursa,Blaxter,Norway Maple,Phra Khanong
Fernanda,Hamley,Dexter,Wang Sombun
Ashlan,Roome,Forest Dale,Toledo
Sabrina,Pavic,Rusk,Dërmënas
Lynea,Windibank,American,Ko Si Chang
Shawnee,Coast,Vermont,Leran
Lesly,O'Shaughnessy,Linden,El Carmen
Nobie,Bapty,John Wall,Jõhvi
Teressa,Skelbeck,Fulton,Lewoeleng
Cammy,Rodda,Quincy,Lapi
Jacynth,Delamar,Bashford,Pithoro
Rhetta,Yukhnov,Southridge,Kara-Balta
Fransisco,Craine,Truax,Gagarawa
Elane,Wiltshier,Dorton,Buenos Aires
Joli,Wyld,Canary,Thị Trấn Yên Thịnh
Fairfax,Frissell,Mitchell,Satovcha
Meredeth,Andover,Helena,Butere
Torry,Adamsky,David,Avelinha
Leland,Roncelli,Rieder,Newcastle
Fancie,Insole,Alpine,Az Zuwaytīnah
Valdemar,Wattinham,Northview,Valladolid
Saul,Buttel,Longview,Nora
Riannon,Rollett,Muir,Rattanaburi
Jere,Dulinty,North,Mieścisko
Faydra,M'Quharge,Dahle,Nankou
Cozmo,McTrustie,Londonderry,Lianghekou
Corby,Giuroni,Steensland,Yueshan
Davis,Alison,Clove,Ugljan
Irvine,Dominka,Knutson,Khadyzhensk
Hailey,Hearst,Fallview,Novouzensk
Evyn,Sprionghall,Stang,Cikawung
Kass,Souley,Sundown,Shuiji
Enid,Biddell,Dawn,Ruda Śląska
Bonny,Dawtry,Lakewood,Huxi
Bronson,Novill,Rieder,Lebak
Fitzgerald,Darnborough,Dawn,Khiwa
Raviv,Kemish,Ilene,Busia
Izzy,Chater,Carpenter,Kieta
Conroy,Liveing,Fairview,Putou
Matty,Klaessen,Milwaukee,Bailu
Guinna,Winham,Hanover,El Lolo
Chandra,Kendrick,Tony,Umeå
Meier,Pentycost,Fremont,San Miguel
Tonya,Crawley,Trailsway,Haikoudajie
Krisha,Caldes,Shoshone,Barreirinhas
Carey,Ackenhead,Dakota,Zagnitkiv
Brandea,Healey,Old Shore,L'Épiphanie
Creigh,Castiglio,Quincy,Kanchanaburi
Nessi,Maylin,Shasta,Sang-e Chārak
Creight,Rauprich,Morning,Memphis
Julianna,Talby,Nelson,Ciorescu
Steffie,Loache,Linden,North Little Rock
Rand,Bromehead,Ronald Regan,Chunhua
Webb,Linwood,Huxley,Nantai
William,Westhoff,Memorial,Kiruna
Troy,Clowney,Anderson,Ma‘dān
Timothy,Sentinella,Pierstorff,Sremska Mitrovica
Elly,Sprade,Schlimgen,Kulautuva
Leanora,Minchi,Bluestem,Daduchuan
Zaccaria,Dowtry,Troy,Zhangqiang
Maritsa,Whorall,Spenser,Atengmelang
Shelagh,Acarson,Darwin,An Châu
Mychal,Eldrid,Weeping Birch,Leppävirta
Martie,McGenis,Ramsey,Saint-Denis
Shanan,Ramelet,Oak,Gryfino
Paddie,Diemer,Ohio,Greda
Merna,Clohissy,Jana,Nogueira do Cravo
Sabrina,Abrahm,Westridge,Anjihai
Aubrie,Tice,Norway Maple,Gobernador Ingeniero Valentín Virasoro
Carol,Kleinerman,Grayhawk,Shidu
Sanders,Mickan,Reindahl,Leśnica
Claudetta,Beagan,Ohio,Prince Albert
Witty,Frost,Buena Vista,Tojal
Stephan,Tunnock,Judy,Lagoa
Janey,Dahlgren,Barnett,Agios Dimitrios
Spense,Antoni,Moulton,Bertoua
Dori,Seif,Sutteridge,Meirinhas
Kyla,Filkin,Union,Jinrui
Janette,Pilmore,Paget,Vostok
Lorita,Wingham,Loeprich,Wawa
Tallie,Fabry,Center,Treinta y Tres
Serene,Crocetti,Brown,Misungwi
Maxwell,Kightly,Hazelcrest,Bukal
Gwendolyn,Kinloch,American,Nakusp
Kynthia,Slaten,Miller,Centenary
Ronnie,Turnor,Quincy,Sobreira
Clerkclaude,Elis,Buena Vista,Kosong
Yevette,Stores,Blackbird,Norrköping
Franny,Ridoutt,Vermont,Austin
Joshia,Janusik,Heffernan,Qidi
Elnar,Sloat,Gateway,Gaoqiao
Lannie,Dash,Sherman,Fovissste
Hallie,Simony,Kenwood,Zainsk
Dino,Chatelain,Anhalt,Hengdong Chengguanzhen
Cristie,Gooders,Hansons,Ijūin
Brooke,Croughan,Algoma,Basista
Arel,Liccardo,Buena Vista,Okaya
Shena,Bartoszewski,Hanson,Saint Paul
Aristotle,Mose,Schiller,Dedza
Agace,Bastone,Old Gate,Santa Adélia
Dorolisa,Olligan,Oriole,Mahīn
Brandie,Ilyas,Norway Maple,Castries
Arlie,Porker,Sunnyside,Zhelin
Austin,Moles,Kim,Nogueira
Rennie,Woodard,Di Loreto,Cikeusal
Elvyn,McNea,Elgar,San Jerónimo
Jessie,Garlic,Scott,Zuolan
Tobey,Binestead,Havey,Sukasetia
Arlana,Feore,Reinke,Dordrecht
Lawrence,Mowsdale,Packers,Trzciana
Tremain,Curwood,Oneill,Boli
Upton,Privost,Oxford,Spandaryan
Rafaela,Lambourne,Bunting,Oesao
Herve,Coventry,Magdeline,Kandava
Breena,Sickamore,Gateway,Penitik
Bathsheba,O'Dyvoy,Evergreen,Qaşr al Farāfirah
Cesya,Gjerde,Eastlawn,Rožmitál pod Třemšínem
Ronnie,Gosalvez,Hanson,Mambago
Hilary,Coade,Havey,Göteborg
Edwina,Kelson,Duke,Riebiņi
Emilie,Ofer,Green Ridge,Bollnäs
Roley,Algy,Monument,Polo
Wilhelmine,Oldfield-Cherry,Hazelcrest,Tataouine
Abbie,Newbegin,Golf View,Yasinya
Cal,Cawthron,Westend,Timbiras
Buiron,Raittie,Buhler,Moramanga
Constantin,Pharo,Melvin,Formosa do Rio Preto
Ryan,Heineken,Ohio,Umi
Melania,McAllen,Crownhardt,Goričan
Luci,Eddicott,Coolidge,Benjamin Constant
Kane,Chatainier,Hayes,Aubagne
Marin,Lafuente,Westridge,Vista Alegre
Siegfried,Quirk,New Castle,Tomepampa
Bernice,Scarf,Ronald Regan,Karak City
Casper,Stuckes,Oak Valley,Tongliao
Regen,Gowman,Sloan,Gaspar
Mellicent,Zuan,Lillian,Beitan
Adore,Everil,Kipling,Yangsha
Shelden,Tegeller,Algoma,Nancheng
Seumas,Leads,Myrtle,Cataguases
Hilarius,Yegorev,2nd,Vamvakoú
Hendrik,Phelips,Heffernan,Camiri
Hank,Littleover,Hauk,Tsuma
Rosalie,Mewis,Knutson,Tarko-Sale
Daniela,Priestley,Holmberg,Jataí
Bastien,O'Cannon,7th,Vitina
Jayne,Georgeson,Monica,Mahaica Village
Leia,Chippendale,Dexter,Sungaipuntik
Taber,Humberstone,Badeau,Pederneiras
Paige,Brashaw,Redwing,Bocowanti
Jessika,Burl,Karstens,Guangshan Chengguanzhen
Agnesse,Bonnin,Russell,Kinnegad
Leia,Weatherley,Mandrake,Almaznyy
Harley,Shutler,New Castle,Liborina
Brander,Soden,Welch,Shuangxi
Farris,Soppit,Harper,Vyshneye Dolgoye
Dennet,Embery,Onsgard,Fordon
Marris,Labbez,Division,Sandata
Myer,Lawerence,Knutson,Anahuac
Neda,Denford,Dayton,Umeå
Anthony,McNirlan,International,Nanyi
Caddric,Plott,Loftsgordon,Garissa
Vernon,Macey,Fairview,Khatanga
Phil,Fice,Brown,Faeanak Dua
Orelee,Wrigley,Coleman,Dongla
Rudyard,Zupa,Macpherson,Lecong
Iolande,Truett,Independence,Cedar Rapids
Janel,Moules,Shopko,Xieqiao
Dilan,Wallicker,Fair Oaks,Altkirch
Aloise,Laflin,Warner,Le Mans
Verene,Jakab,Anzinger,Daet
Richard,Ryott,Waywood,Niedźwiedź
Annadiane,Cossins,Northport,Towa
Ursola,Crockatt,Glacier Hill,Mikhaylovka
Pietra,Wettern,Sullivan,Alcaria
Virgie,Frederick,Sommers,Tanudan
Emelen,Di Giorgio,Birchwood,Doushaguan
Sheryl,Everest,Sheridan,Osvaldo Cruz
Rhianon,Signore,Rutledge,Alor Setar
Doralynne,Pobjoy,5th,Lianozovo
Pammie,Bunclark,Dawn,Yasnyy
Marthena,O'Dunneen,Shasta,Xiangtan
Lynsey,Fochs,La Follette,Independencia
Anabelle,Horsefield,2nd,Mollas
Quincey,Flescher,Atwood,Žirovnica
Derril,Erat,Valley Edge,União da Vitória
Elysia,Munton,Fisk,Thị Trấn Cao Lộc
Isacco,Seiffert,Onsgard,Los Pinos
Reed,Dagg,Blackbird,Goodlands
Isaiah,Kendrick,Erie,Banzhong
Roxy,Rawne,Messerschmidt,Bukowiec
Roseanna,Blankley,8th,Taganrog
Charlotte,Kinworthy,Fordem,Wāling
Drucy,Barmadier,6th,Melgar
Vincenz,Verling,Stuart,Xucheng
Franni,Cambden,Morrow,Taung
Ruby,Lisciardelli,Eggendart,Cabog
Claus,Leifer,Nova,Balengbeng
Caprice,Mallinder,Stuart,Larangan
Lisha,Shrawley,Oriole,Culubasa
Darla,Markovic,Mccormick,Choibalsan
Casper,Laffin,Jana,Chimanimani
Otha,Harrower,Ilene,Omaruru
Dallas,Ruse,Morning,Chattanooga
Cynthia,Gabbatt,Hintze,Hikone
Halli,Rumbellow,Hermina,Sankui
Aloise,Sikora,Oakridge,Varberg
Jackquelin,Doncom,Northview,Balong
Edwin,Symcoxe,Village,Methóni
Hilde,Baignard,Pawling,Cigadog Hilir
Juliann,Feldbaum,Namekagon,Sadao
Ragnar,Johl,Fieldstone,Ostaszewo
Egan,Kevis,Mcbride,Gakem
Warner,Baison,Lyons,Al Maţarīyah
Shep,Birkby,Autumn Leaf,Jardim do Seridó
Gaynor,Matyasik,Mayfield,Mojogajeh
Annalise,Rogge,Summer Ridge,Shangjie
Vincents,Laidlow,Brickson Park,Sélestat
Dahlia,Yukhnin,Hauk,Zhangting
Evonne,Crewes,Helena,Kebonan
Jacklin,Binyon,Katie,Hasaki
Tyrus,Yearn,Oak Valley,Guadalupe Victoria
Alley,Alennikov,Hoepker,Beringin
Pippo,Frankis,Kipling,Plewiska
Rebe,Tuckwood,Crownhardt,Qiaozi
Gill,Cordoba,Harbort,Shulan
Arin,Schukraft,Fordem,Celorico de Basto
Ginger,Amott,Algoma,Gjirokastër
Hodge,MacCaughey,Lakewood Gardens,Baghlān
Jocko,Hickisson,Lyons,Chicago
Tiffanie,O'Kane,Dennis,Vera Cruz
Laurene,Gamell,Mockingbird,Moulay Bouchta
Merilee,Aldersley,Melrose,Västanfjärd
Brandyn,Grew,Michigan,Suvorovskaya
Nanny,Holworth,Bonner,Betim
Rosamond,Roxbee,Evergreen,Manassas
Andie,Clapham,Roxbury,Taishang
Arnaldo,Charlesworth,Monument,Fier
Donal,Kohrt,Corben,Linhares
Rex,Giovanardi,Fremont,Uryupinsk
Hobie,Branca,Wayridge,Guniushan
Kimbra,O'Noland,John Wall,Zhigalovo
Maryjo,Prestney,Longview,Batiovo
Frans,Seleway,East,Chengyang
Cacilie,Iacovazzi,Mesta,Sodankylä
Jakie,Mitchener,Atwood,Karangsumber
Alistair,Inglesfield,Lillian,Constantia
Ninetta,Dumberrill,Barby,Xingou
Denise,Crutchley,Victoria,Nizwá
Gypsy,Rubartelli,Lawn,Nurabelen
Harry,Ackermann,Mccormick,Mollas
Manda,Jarvis,Lyons,Sedatigede
Worden,Goldson,Roth,Hengshui
Tasha,Mullan,Old Shore,Avaré
Wes,Laurence,Esker,Armavir
Bone,Barlow,Portage,Kan’onjichō
Rik,Bufton,Novick,Pubal
Fredericka,McIlheran,Chive,Sulangan
Brannon,Rosenboim,Farragut,Bobrov
Mureil,Gallatly,Riverside,Dayou
Gaven,Slocumb,Fisk,Kímolos
Jeno,Grogono,Katie,Toba
Andria,Perfect,Ilene,Wakimachi
Garek,Crank,Pleasure,Temirgoyevskaya
Onfre,Maulden,Summit,Tanxi
Anstice,Backshall,Vernon,Buerarema
Koo,Feltham,Lerdahl,Guangfu
Currey,Deverson,Milwaukee,Marsa Alam
Conni,Farlow,Melody,Byerazino
Evangeline,Lamont,Del Mar,Bystrytsya
Sheffie,Cullin,Moose,Mizhuang
Cordula,Rennick,Messerschmidt,Trollhättan
Billy,Letham,Melrose,Wenxi
Abby,Dyke,Parkside,Prroshyan
Becka,Saunderson,Debra,Thung Yang Daeng
Barrie,MacAnulty,Miller,Muḩammad Āghah Wuluswālī
Danya,Asel,Sachtjen,Spanish Town
Wren,Weddup,Mifflin,Bojong
Adorne,Britian,Eggendart,Serh
Deana,Kenefick,Center,Jugezhuang
Sonni,Meneer,Banding,Péfki
Darcie,Gouldeby,Transport,Al Muţayrifī
Russ,Khosa,Blaine,Tynne
Cody,Shakesby,Vera,Kushikino
Biddy,Scollick,Kingsford,Dulles
Jere,Sleet,Prairie Rose,Mŭynoq
Hubey,Bottrill,Katie,Chenyang
Phebe,Caswell,Fieldstone,Kampungbaru
Keene,Seakings,Calypso,Všemina
Lisle,Faulds,Anderson,Alenquer
Candy,Pendry,Carberry,Luoyang
Golda,Lethbridge,Atwood,Mehtar Lām
Creigh,Sidsaff,Utah,Sembung
Stephan,MacDonough,Buell,Mílos
Graig,Greyes,Riverside,Gwoźnica Górna
Sibelle,Fernandez,Banding,Rakhmanovo
Celestine,Marioneau,Alpine,Bella Vista
Florian,Gentzsch,Mendota,Manoel Urbano
Mead,Nail,Corry,Araras
Jacquenetta,Richardson,Heath,Kuznetsovs’k
Jessy,Fairham,Merry,Passos
Gustie,Moreland,Shoshone,Khallat Şāliḩ
Dodi,Elnough,Donald,Xipi
Hamid,Hertwell,Scott,Labao
Margaux,Cowburn,Northfield,Yangxiang
Shirline,Base,Crownhardt,Mapinrea
Rubin,Rushman,Annamark,Helong
Lothario,Catterson,Prentice,Okaya
Mikael,Hagyard,Portage,Sanyang
Briny,Bransdon,Goodland,Dongping
Karita,Gilliard,Heath,Kuštilj
Trefor,Echalier,Hooker,Buffalo
Gloriana,Ballingal,Ruskin,Gandra
Marcel,Hunton,Donald,Mandal
Demeter,Van Der Straaten,Stang,Taganrog
Cesar,Finlan,Rusk,Kandhkot
Rinaldo,Jannequin,Gerald,Toulouse
Eimile,Laxtonne,Browning,Tangalla
Hillel,Chirm,Mendota,Ḩātim
Barnett,Jessel,Schmedeman,Huangzhuang
Doralynn,Mackison,Bartelt,Yokohama
Wolfie,Castleton,Mitchell,Rungis
Albrecht,Duchart,Crest Line,Gardutanjak
Dani,Ineson,Barby,San Marcos
Elfie,Biggadike,Morning,Ketitang Wetan
Libby,Birkwood,Lakewood Gardens,Zaoshi
Roddy,Warn,Mandrake,Primorsko-Akhtarsk
Linzy,Hehl,Morrow,Lisičani
Nahum,Seabrooke,Atwood,Mātli
Regan,Babb,Knutson,Masindi
Albie,Dreelan,Muir,Talondang
Cchaddie,Norledge,Cherokee,Yubileynyy
Faustine,De Giovanni,Burning Wood,Kuching
Loni,Merritt,Eliot,Pemex
Ethelyn,Tixier,Sunbrook,Oleksandrivka
Colin,Germon,Larry,Dem’yanovo
Ketti,Duhig,Lawn,Uppsala
Waite,Cubbini,Arrowood,Agbani
Theda,Kohtler,Towne,Popielów
Janella,Hebblethwaite,Maple,Taoyang
Effie,Edmonstone,Jenna,Athlone
Clair,Pimley,Rockefeller,Quận Tân Phú
Marcelo,Lorenzin,Fordem,Solntsevo
Alex,Devenport,Tony,Dolores
Lin,Cescoti,Sutherland,Jinji
Margalo,Costard,Hayes,Kenscoff
Hunt,Stilgo,Eliot,Goussainville
Sile,Davidovic,Logan,Žiželice
Nikki,Urion,Carioca,Yagoua
Christabel,Bovingdon,Talmadge,Nofoali‘i
Janifer,Stilldale,Schlimgen,Rimpakgede
Phillida,Featenby,Cottonwood,Sharga
Alwyn,Petris,Lindbergh,Martanesh
Lamont,Wilgar,Morning,Sumbawa Besar
Gussie,Ranscomb,Red Cloud,Ibaiti
Vitoria,Laverack,Northview,Napanee Downtown
Quint,Tallyn,Bayside,Segoro
Tawnya,Orritt,Sloan,Lamakera Dua
Frederigo,Eagle,Maple Wood,Timoulilt
Genovera,Tavernor,Marcy,Wangliao
Ninnette,Halhead,Oriole,Troparëvo
Oberon,Pirri,Summerview,Guogan
Chiquita,MacMenamy,Bluestem,Luozhou
Wendall,Sowden,Sauthoff,Francisco Morato
Vincenz,Garlinge,Tennessee,Krajan
Gwenette,Parks,Heath,Ettelbruck
Dulcy,Jarvie,Briar Crest,Dongxi
Marget,Jefford,Bunting,Velké Němčice
Wesley,Pigeram,Cambridge,Lurut
Viki,Creer,Texas,Jagong
Gay,Mogg,Commercial,Cambuí
Irene,Groundwator,Ridgeview,Sabang
Mildrid,Orrobin,6th,Goussainville
Bendite,Scad,Bartelt,Agalteca
Tybi,Bartolic,6th,Bojonghaur
Domenico,Saiens,Corscot,Chaparral
Geraldine,Bettam,Holmberg,Biru
Gerri,Odger,Lakewood Gardens,Clanwilliam
Pippy,Spearman,Morning,Dębica
Angelita,Fanthome,Gina,Denver
Leanora,Swiffen,Merchant,Enshi
Corena,Banat,Shoshone,Shalazhi
Kelby,MacPaden,Dixon,Sinjār
Annora,Kibbey,Talmadge,Pandak
Maryjane,Barlace,Stoughton,Dorp Antriol
Claudelle,Chapellow,Springview,Santo Anastácio
Perrine,Berkowitz,Brown,Tân Phú
Fidela,Margett,Twin Pines,Cervantes
Bobby,Drees,Reinke,Pawing
Allison,Skelcher,Village Green,Moerewa
Rosalynd,Housecroft,Talmadge,Dongxiang
Sunny,Retallack,Roxbury,Nerokoúros
Gilberte,Frise,Maple,Zhenwen
Donnajean,Challice,Spenser,Chauk
Phyllis,Spilsted,Upham,Zelenoborskiy
Goldarina,Lockyer,Maryland,Banjar Kubu
Stafford,Dalla,Knutson,Antipino
Ferris,Dibdall,Sundown,Toledo
Kinnie,Bothams,Clyde Gallagher,Insrom
Cassandre,Enriquez,Burrows,Mandeman Daya
Jameson,Barfield,Mcbride,Beijie
Gates,Curneen,Coolidge,Al Hoceïma
Jenifer,Keerl,Lakeland,Zhuangbian
Rebbecca,Robard,Bartillon,Salimbalan
Brendin,Piolli,Mesta,Portelândia
Silvanus,Chasteney,Oakridge,Santa Cecília
Silvio,Benez,John Wall,Loures
Patric,Karlolak,Kennedy,Phú Thái
Garreth,Bassingden,Arizona,Blois
Garner,Blenkensop,Petterle,San Andrés
Lonny,Groom,Dennis,Xinqiao
Alf,Yakobowitch,Butternut,Putrajaya
Chas,Pethybridge,Oriole,Maslovka
Damara,Morde,Bartillon,'s-Hertogenbosch
Inesita,Curcher,Rockefeller,Barra
Feodor,Mitchener,Namekagon,Alminhas
